tag_part;tag_code
Accounts;2
Accretion;3
Accrual;4
Accrued;5
Accumulated;6
Acquisition;7
Additional;8
Additions;9
Adjustment;10
Adjustments;11
Administrative;12
Advance;13
Advances;14
Advertising;15
Advisory;16
Affiliate;17
Affordable;18
Agricultural;19
Allocated;20
Allowance;21
Amortization;22
Amount;23
Amounts;24
Annuity;25
Asset;26
Assets;27
Available;28
Bank;29
Below;30
Benefits;31
Billings;32
Bills;33
Borrowed;34
Borrowings;35
Bridge;36
Brokerage;37
Brokered;38
Buildings;39
Build;40
Business;41
Canadian;42
Capital;43
Capitalization;44
Capitalized;45
Cash;46
Casino;47
Ceded;48
Certificates;49
Change;50
Checks;51
Chf;52
Client;53
Closed;54
Collaboration;55
Collateralized;56
Commercial;57
Commission;58
Commissions;59
Commitments;60
Common;61
Communication;62
Communications;63
Comprehensive;64
Construction;65
Contingent;66
Contingently;67
Contract;68
Contracts;69
Contractual;70
Contributions;71
Conversion;72
Convertible;73
Co;74
Core;75
Cost;76
Costmethod;77
Costs;78
Current;79
Customer;80
Debit;81
Debt;82
Debtand;83
Decrease;84
Deemed;85
Default;86
Deferred;87
Defined;88
Demand;89
Deposit;90
Deposits;91
Depreciation;92
Derivative;93
Developmental;94
Development;95
Direct;96
Director;97
Discontinued;98
Discount;99
Disposal;100
Disputed;101
Distribution;102
Distributions;103
Dividend;104
Dividends;105
Domestic;106
Drafts;107
Drilling;108
Due;109
Duetobrokers;110
Early;111
Earnest;112
Earn;113
Earnout;114
Effect;115
Embedded;116
Employee;117
Entrusted;118
Environmental;119
Equipment;120
Equity;121
Escrow;122
Escrows;123
Eur;124
Excess;125
Exit;126
Expense;127
Exploration;128
Export;129
Extended;130
Extinguishment;131
Facility;132
Fair;133
Federal;134
Fees;135
Fhlb;136
Financial;137
Financing;138
Finite;139
Fixtures;140
Floor;141
Food;142
Foreclosed;143
Foreign;144
Forward;145
Franchise;146
Funds;147
Furniture;148
Gain;149
Gains;150
Gas;151
General;152
Goodwill;153
Grants;154
Grapes;155
Gross;156
Guarantee;157
Guaranty;158
Health;159
Hedging;160
Held;161
Heldtomaturity;162
Hillgrove;163
Impaired;164
Impairment;165
Incentive;166
Income;167
Increase;168
Incurred;169
Indefinite;170
Induced;171
Information;172
Installment;173
Insurance;174
Insured;175
Intangible;176
Intercompany;177
Interest;178
Inventory;179
Investment;180
Investments;181
Investor;182
Issuance;183
Junior;184
Labor;185
Land;186
Landlord;187
Landunder;188
Lease;189
Leasehold;190
Legal;191
Liabilities;192
Liability;193
Liabilityon;194
Liablities;195
License;196
Licenses;197
Licensing;198
Life;199
Limited;200
Line;201
Lines;202
Liquidation;203
Litigation;204
Loan;205
Loans;206
Long;207
Longterm;208
Loss;209
Losses;210
Machinery;211
Maintenance;212
Management;213
Manager;214
Managers;215
Mandatorily;216
Margin;217
Marketable;218
Marketing;219
Maturities;220
Maturity;221
Medical;222
Medium;223
Mediumterm;224
Members;225
Merger;226
Milestone;227
Mineral;228
Mine;229
Minority;230
Money;231
Mortgage;232
Mortgages;233
Mortgagors;234
Mulitfamily;235
Natural;236
Net;237
Noncash;238
Non;239
Noncontrolling;240
Noninterest;241
Nonoperating;242
Nonrecourse;243
Nontrade;244
Note;245
Notes;246
Now;247
Obligation;248
Occupancy;249
Offering;250
Office;251
Officers;252
Official;253
Off;254
Oil;255
Open;256
Operating;257
Other;258
Overnight;259
Owned;260
Paid;261
Partners;262
Patronage;263
Payable;264
Payables;265
Payment;266
Payments;267
Pension;268
Policy;269
Policyholder;270
Postage;271
Postemployment;272
Postretirement;273
Preferred;274
Premiums;275
Pre;276
Prepaid;277
Prepayment;278
Present;279
Primary;280
Principal;281
Proceeds;282
Production;283
Product;284
Professional;285
Profit;286
Program;287
Promissory;288
Promotional;289
Property;290
Proved;291
Provision;292
Provisionfor;293
Public;294
Purchase;295
Real;296
Realized;297
Receivables;298
Reciprocal;299
Recognition;300
Redeemable;301
Redemptions;302
Regulator;303
Regulatory;304
Reimbursement;305
Reinsurance;306
Related;307
Rental;308
Reorganization;309
Repayment;310
Repayments;311
Representation;312
Research;313
Reserve;314
Residuals;315
Restricted;316
Restructuring;317
Results;318
Retained;319
Retention;320
Returned;321
Revenue;322
Revenues;323
Reverse;324
Revolving;325
Royalties;326
Royalty;327
Safety;328
Salaries;329
Sale;330
Sales;331
Salvage;332
Saving;333
Savings;334
Savingsand;335
Second;336
Section;337
Securedand;338
Secured;339
Securities;340
Securitization;341
Security;342
Self;343
Selling;344
Senior;345
Separate;346
Series;347
Service;348
Servicing;349
Settlement;350
Severance;351
Share;352
Shareholders;353
Shares;354
Shipping;355
Short;356
Shortterm;357
Special;358
Sponsor;359
Stable;360
Standard;361
Stockholders;362
Stock;363
Straight;364
Subordinated;365
Subscription;366
Subscriptions;367
Subsidiary;368
Subtotal;369
Supplemental;370
Supplier;371
Supplies;372
Tangible;373
Tax;374
Taxes;375
Technology;376
Temporary;377
Tenant;378
Term;379
Time;380
Total;381
Trading;382
Transfers;383
Travel;384
Treasury;385
Trustee;386
Unamortized;387
Unbilled;388
Undistributed;389
Unearned;390
Unfavorable;391
Unit;392
Unproved;393
Unrealized;394
Unrecognized;395
Unsecured;396
Unsettled;397
Utilities;398
Valuation;399
Value;400
Variable;401
Vehicle;402
Warehouse;403
Warrant;404
Warrants;405
Weighted;406
Well;407
Wholesale;408
Withdrawal;409
Workers;410
Working;411
Write;412
Written;413
And;414
Notes;415
Payable;416
Receivable;417
Amortization;418
Expense;419
For;420
Advertising;421
Advisory;422
Allowances;423
Bonuses;424
Brokerage;425
Capital;426
Charge;427
Clinical;428
Compensation;429
Contingencies;430
Contingent;431
Contract;432
Cooperative;433
Development;434
Digital;435
Employee;436
Environmental;437
Equity;438
Expenses;439
Gaming;440
Government;441
Income;442
Insurance;443
Interest;444
Inventory;445
Investment;446
Liabilities;447
Maintenance;448
Management;449
Marketing;450
Obligations;451
Offering;452
Ongoing;453
Outside;454
Patent;455
Payroll;456
Pension;457
Product;458
Professional;459
Profit;460
Reclamation;461
Rent;462
Research;463
Royalties;464
Salaries;465
Sales;466
Severanceand;467
Severance;468
Stock;469
Tariffs;470
Vacation;471
Vendor;472
Volume;473
Warrants;474
Wholesale;475
Depreciation;476
Distributions;477
Losses;478
Other;479
Consideration;480
Costs;481
Related;482
Paid;483
Noncash;484
Fee;485
Fees;486
Billings;487
Payble;488
Payments;489
Premiums;490
Receipt;491
Due;492
From;493
Fund;494
Funds;495
Revenue;496
Housing;497
Sustainabilty;498
Share;499
Account;500
Impairment;501
Retirement;502
Current;503
Held;504
Noncurrent;505
Securities;506
Acceptances;507
Checks;508
Loans;509
Overdrafts;510
Owned;511
Market;512
Under;513
Loan;514
Commissions;515
Certificates;516
Deposits;517
Deposits2;518
Acquisitions;519
Combination;520
Exit;521
Tax;522
Contributions;523
Longterm;524
Computer;525
Lease;526
Leased;527
Leases;528
Withdrawals;529
Acquired;530
Divested;531
Equivalents;532
Provided;533
Reserve;534
Surrender;535
Issued;536
Not;537
Outstanding;538
Bond;539
Block;540
Financings;541
Paper;542
Reserves;543
Shares;544
Stocks;545
Earnout;546
Earn;547
Repayable;548
Holder;549
Obligation;550
Option;551
Credit;552
Debentures;553
Debt;554
Long;555
Note;556
Preferred;557
Shareholder;558
Subordinated;559
Time;560
Method;561
Investments;562
Portion;563
Advancesor;564
Loyalty;565
Refund;566
Trade;567
Card;568
Instrument;569
Gain;570
Landlord;571
Air;572
Ceding;573
Collaborative;574
Credits;575
Federal;576
Finance;577
Grant;578
Origination;579
Policy;580
Purchase;581
Rental;582
Service;583
Underwriting;584
Benefit;585
Deposit;586
Savings;587
Liability;588
Domestic;589
Money;590
Negotiable;591
Noninterest;592
Retail;593
Depletion;594
Depletionand;595
Nonproduction;596
Collateral;597
Fair;598
Financial;599
Instruments;600
Loss;601
Warrant;602
Operating;603
Operation;604
Group;605
Made;606
Payableto;607
Repayment;608
Out;609
Financing;610
Line;611
Purchases;612
Waiver;613
Abandonment;614
Value;615
Home;616
Services;617
Lived;618
Real;619
Currency;620
Gold;621
Received;622
Gathering;623
Partner;624
Partners;625
Payment;626
Care;627
Taxes;628
Claims;629
Technology;630
Premium;631
Event;632
Payables;633
Bearing;634
Credited;635
Rate;636
Finished;637
Net;638
Work;639
Write;640
Banking;641
Building;642
Improvements;643
Pass;644
Termination;645
Heldforsale;646
Less;647
Subject;648
Associated;649
Before;650
Basis;651
Settlement;652
Portfolio;653
Processing;654
Eligible;655
Term;656
Contingency;657
Retained;658
Redeemable;659
Date;660
Agreement;661
Rights;662
Properties;663
Backed;664
Funding;665
Repurchase;666
Servicing;667
Securitized;668
Realized;669
Unrealized;670
Project;671
Controlling;672
Recourse;673
Refundable;674
Receivables;675
Partnership;676
Commitment;677
Nonrecurring;678
Policyholder;679
Postretirement;680
Prepaid;681
Secured;682
Selling;683
Short;684
Than;685
Property;686
Notices;687
Earned;688
Written;689
Opening;690
Reinsurance;691
Lender;692
Transactions;693
Return;694
Warranty;695
Plant;696
Recoveryof;697
Utilities;698
Holdbacks;699
Estate;700
Assessments;701
Recoverables;702
Party;703
Items;704
Charges;705
Earnings;706
Goods;707
Incentives;708
Wages;709
Leaseback;710
Rebates;711
Returns;712
Lien;713
Thirty;714
Unsecured;715
Loaned;716
Purchased;717
Sold;718
Bonds;719
Awards;720
Costs1;721
Based;722
Syndication;723
Handling;724
Assessment;725
Unemployment;726
Excluding;727
Reimbursements;728
Deposits100000;729
Deposits250000;730
Deposits250000or;731
Uncertain;732
Advisor;733
Accounted;734
Accountedforas;735
Repurchases;736
Average;737
Options;738
Used;739
Parent;740
Per;741
Activities;742
Derivatives;743
Part;744
Software;745
Acquire;746
Consolidated;747
Investing;748
Carrying;749
Parties;750
Attributable;751
Reclassification;752
Disclosure;753
Affiliates;754
Agreements;755
Transaction;756
Period;757
Joint;758
Continuing;759
Arising;760
Future;761
During;762
Plan;763
Collection;764
Translation;765
Including;766
Operations;767
Plans;768
Entity;769