us-gaap:Liabilities	24251
us-gaap:StockholdersEquity	21853
us-gaap:CommitmentsAndContingencies	9162
us-gaap:StockholdersEquityIncludingPortionAttributableToNoncontrollingInterest	7991
us-gaap:LiabilitiesCurrent	7482
us-gaap:OtherLiabilitiesNoncurrent	2420
us-gaap:LongTermDebtNoncurrent	1730
us-gaap:DeferredTaxLiabilitiesNoncurrent	1697
us-gaap:LiabilitiesNoncurrent	1682
us-gaap:PartnersCapital	932
us-gaap:TemporaryEquityCarryingAmountAttributableToParent	920
us-gaap:RedeemableNoncontrollingInterestEquityCarryingAmount	816
us-gaap:CommonStockValue	764
us-gaap:RetainedEarningsAccumulatedDeficit	725
us-gaap:PreferredStockValue	687
us-gaap:LongTermDebtAndCapitalLeaseObligations	678
us-gaap:AdditionalPaidInCapital	481
us-gaap:PartnersCapitalIncludingPortionAttributableToNoncontrollingInterest	438
us-gaap:PensionAndOtherPostretirementDefinedBenefitPlansLiabilitiesNoncurrent	384
us-gaap:DeferredRevenueNoncurrent	358
us-gaap:MinorityInterest	351
us-gaap:CapitalLeaseObligationsNoncurrent	344
us-gaap:TemporaryEquityCarryingAmountIncludingPortionAttributableToNoncontrollingInterests	328
us-gaap:AccountsPayableCurrent	297
us-gaap:AccruedLiabilitiesCurrent	272
us-gaap:AccumulatedOtherComprehensiveIncomeLossNetOfTax	265
us-gaap:AdditionalPaidInCapitalCommonStock	261
us-gaap:AssetRetirementObligationsNoncurrent	246
us-gaap:MembersEquity	245
us-gaap:LongTermNotesPayable	239
us-gaap:LiabilitiesOtherThanLongtermDebtNoncurrent	211
us-gaap:DeferredRentCreditNoncurrent	209
us-gaap:DefinedBenefitPensionPlanLiabilitiesNoncurrent	202
us-gaap:TreasuryStockValue	196
us-gaap:NotesPayableCurrent	178
us-gaap:AccruedIncomeTaxesNoncurrent	177
us-gaap:DueToRelatedPartiesNoncurrent	176
us-gaap:CapitalizationLongtermDebtAndEquity	175
us-gaap:AccountsPayableAndAccruedLiabilitiesCurrent	165
us-gaap:DerivativeLiabilitiesNoncurrent	157
us-gaap:CommonStockValueOutstanding	155
us-gaap:DueToRelatedPartiesCurrent	138
us-gaap:LoansPayableCurrent	137
us-gaap:OtherLongTermDebtNoncurrent	136
us-gaap:PreferredStockValueOutstanding	133
us-gaap:LongTermLoansPayable	130
us-gaap:OtherLiabilitiesCurrent	125
us-gaap:RedeemableNoncontrollingInterestEquityCommonCarryingAmount	123
us-gaap:OtherPostretirementDefinedBenefitPlanLiabilitiesNoncurrent	121
us-gaap:AssetRetirementObligation	120
us-gaap:DeferredCompensationLiabilityClassifiedNoncurrent	117
us-gaap:LinesOfCreditCurrent	114
us-gaap:DerivativeInstrumentsAndHedgesLiabilities	113
us-gaap:OtherShortTermBorrowings	113
us-gaap:DeferredIncomeTaxLiabilitiesNet	110
us-gaap:LongTermDebt	108
us-gaap:LiabilitiesOfDisposalGroupIncludingDiscontinuedOperationNoncurrent	108
us-gaap:AccountsPayableCurrentAndNoncurrent	108
us-gaap:InterestAndDividendsPayableCurrent	107
us-gaap:OtherLongTermDebtCurrent	102
us-gaap:TaxesPayableCurrent	93
us-gaap:RedeemableNoncontrollingInterestEquityFairValue	90
us-gaap:NotesPayableRelatedPartiesClassifiedCurrent	88
us-gaap:RedeemableNoncontrollingInterestEquityPreferredCarryingAmount	88
us-gaap:AccountsPayableAndAccruedLiabilitiesNoncurrent	86
us-gaap:CapitalLeaseObligationsCurrent	85
us-gaap:DeferredRevenueAndCreditsNoncurrent	83
us-gaap:ShortTermNonBankLoansAndNotesPayable	80
us-gaap:DevelopmentStageEnterpriseDeficitAccumulatedDuringDevelopmentStage	80
us-gaap:ShortTermBankLoansAndNotesPayable	79
us-gaap:PostemploymentBenefitsLiabilityNoncurrent	77
us-gaap:DeferredRevenue	77
us-gaap:TemporaryEquityRedemptionValue	77
us-gaap:DeferredRevenueAndCreditsCurrent	76
us-gaap:ConvertibleLongTermNotesPayable	74
us-gaap:NotesPayable	74
us-gaap:AdditionalPaidInCapitalPreferredStock	74
us-gaap:ConvertibleDebtNoncurrent	73
us-gaap:NotesPayableRelatedPartiesNoncurrent	71
us-gaap:DeferredCompensationLiabilityCurrent	71
us-gaap:DeferredTaxLiabilitiesCurrent	71
us-gaap:ReceivableFromShareholdersOrAffiliatesForIssuanceOfCapitalStock	70
us-gaap:TemporaryEquityValueExcludingAdditionalPaidInCapital	68
us-gaap:LiabilityForUncertainTaxPositionsNoncurrent	67
us-gaap:AccumulatedDistributionsInExcessOfNetIncome	66
us-gaap:ReceivableFromOfficersAndDirectorsForIssuanceOfCapitalStock	66
us-gaap:CustomerAdvancesOrDepositsNoncurrent	65
us-gaap:AccountsPayableRelatedPartiesCurrent	64
us-gaap:AccountsPayableAndAccruedLiabilitiesCurrentAndNoncurrent	64
us-gaap:LongTermLineOfCredit	64
us-gaap:DerivativeLiabilities	62
us-gaap:OtherLiabilities	60
us-gaap:InterestPayableCurrent	60
us-gaap:CommonStockSharesOutstanding	60
us-gaap:CommonStockSharesIssued	60
us-gaap:CommonStockSharesAuthorized	60
us-gaap:ConvertibleNotesPayable	55
us-gaap:LimitedLiabilityCompanyLlcMembersEquityIncludingPortionAttributableToNoncontrollingInterest	51
us-gaap:BusinessCombinationContingentConsiderationLiabilityNoncurrent	51
us-gaap:SelfInsuranceReserveNoncurrent	50
us-gaap:AccumulatedOtherComprehensiveIncomeLossForeignCurrencyTranslationAdjustmentNetOfTax	50
us-gaap:ConvertibleNotesPayableCurrent	46
us-gaap:SecuredLongTermDebt	45
us-gaap:DeferredCreditsAndOtherLiabilitiesNoncurrent	45
us-gaap:DeferredTaxLiabilitiesGrossNoncurrent	45
us-gaap:TemporaryEquityCarryingAmountAttributableToNoncontrollingInterest	44
us-gaap:ContributionsInAidOfConstruction	43
us-gaap:OtherAccruedLiabilitiesNoncurrent	39
us-gaap:LimitedPartnersCapitalAccount	39
us-gaap:NotesPayableRelatedPartiesCurrentAndNoncurrent	38
us-gaap:Deposits	38
us-gaap:RedeemableNoncontrollingInterestEquityOtherCarryingAmount	37
us-gaap:DepositLiabilitiesAccruedInterest	35
us-gaap:ConvertibleDebtCurrent	35
us-gaap:DeferredRevenueCurrent	33
us-gaap:RelatedPartyTransactionDueFromToRelatedPartyCurrent	33
us-gaap:PreferredStockSharesIssued	32
us-gaap:PreferredStockSharesAuthorized	32
us-gaap:DeferredTaxLiabilities	31
us-gaap:PensionAndOtherPostretirementAndPostemploymentBenefitPlansLiabilitiesNoncurrent	30
us-gaap:TreasuryStockShares	29
us-gaap:EmployeeRelatedLiabilitiesCurrent	29
us-gaap:GeneralPartnersCapitalAccount	29
us-gaap:PreferredStockSharesOutstanding	28
us-gaap:WarrantsAndRightsOutstanding	28
us-gaap:DeferredIncomeTaxesAndOtherTaxLiabilitiesNoncurrent	27
us-gaap:AccountsPayableAndOtherAccruedLiabilities	27
us-gaap:LineOfCredit	27
us-gaap:RedeemableNoncontrollingInterestEquityOtherFairValue	26
us-gaap:DueToOfficersOrStockholdersCurrent	26
us-gaap:AccruedEnvironmentalLossContingenciesNoncurrent	26
us-gaap:DerivativeLiabilitiesCurrent	25
us-gaap:DeferredIncomeTaxesAndOtherLiabilitiesNoncurrent	24
us-gaap:DeferredCreditsAndOtherLiabilities	24
us-gaap:BankOverdrafts	24
us-gaap:AccruedLiabilitiesAndOtherLiabilities	24
us-gaap:ShortTermBorrowings	24
us-gaap:AccruedLiabilitiesCurrentAndNoncurrent	24
us-gaap:LongTermDebtCurrent	23
us-gaap:DeferredIncomeTaxLiabilities	22
us-gaap:PreferredStockRedemptionAmount	22
us-gaap:DeferredTaxAssetsLiabilitiesNetNoncurrent	22
us-gaap:MinorityInterestInOperatingPartnerships	22
us-gaap:CommonStockSharesSubscriptions	22
us-gaap:LoansPayable	21
us-gaap:RetainedEarningsAppropriated	21
us-gaap:LiabilitiesOfDisposalGroupIncludingDiscontinuedOperationCurrent	19
us-gaap:DueToAffiliateCurrent	19
us-gaap:CustomerAdvancesForConstruction	19
us-gaap:DueToAffiliateCurrentAndNoncurrent	19
us-gaap:RegulatoryLiabilityNoncurrent	18
us-gaap:StockholdersEquityBeforeTreasuryStock	18
us-gaap:CustomerDepositsCurrent	17
us-gaap:LiabilitiesSubjectToCompromise	17
us-gaap:AccruedIncomeTaxesCurrent	17
us-gaap:DebtAndCapitalLeaseObligations	17
us-gaap:AccountsPayableAndOtherAccruedLiabilitiesCurrent	17
us-gaap:LongTermLoansFromBank	16
fil:AccruedInterestPayableRelatedParties	16
us-gaap:RedeemableNoncontrollingInterestEquityCommonFairValue	16
us-gaap:CapitalUnitsNetAmount	16
us-gaap:OffMarketLeaseUnfavorable	16
us-gaap:AccountsPayableRelatedPartiesCurrentAndNoncurrent	15
us-gaap:DeferredGainOnSaleOfProperty	15
us-gaap:PartnersCapitalAttributableToNoncontrollingInterest	15
us-gaap:UnsecuredLongTermDebt	15
us-gaap:DueToAffiliateNoncurrent	15
us-gaap:StockholdersEquityNoteSubscriptionsReceivable	15
us-gaap:AccumulatedOtherComprehensiveIncomeLossAvailableForSaleSecuritiesAdjustmentNetOfTax	14
us-gaap:DueFromRelatedPartiesCurrent	14
us-gaap:CapitalLeaseObligations	14
us-gaap:SeniorLongTermNotes	14
us-gaap:ConvertibleSubordinatedDebtNoncurrent	14
us-gaap:OtherAccruedLiabilitiesCurrent	14
us-gaap:SubordinatedDebt	13
us-gaap:AccountsPayableRelatedPartiesNoncurrent	13
us-gaap:BusinessCombinationContingentConsiderationLiability	13
us-gaap:RelatedPartyTransactionDueFromToRelatedParty	13
us-gaap:SecuritiesSoldUnderAgreementsToRepurchase	13
us-gaap:RetainedEarningsUnappropriated	13
us-gaap:DueToRelatedPartiesCurrentAndNoncurrent	13
us-gaap:DebtInstrumentConvertibleCarryingAmountOfTheEquityComponent	13
us-gaap:OtherLiabilitiesAndDeferredRevenueNoncurrent	12
us-gaap:ConvertiblePreferredStockNonredeemableOrRedeemableIssuerOptionValue	12
us-gaap:ProductWarrantyAccrualNoncurrent	12
us-gaap:LitigationReserveNoncurrent	12
us-gaap:LiabilitiesOfDisposalGroupIncludingDiscontinuedOperation	12
us-gaap:LossContingencyAccrualCarryingValueNoncurrent	12
us-gaap:OtherAccountsPayableAndAccruedLiabilities	12
us-gaap:AccruedSalariesCurrent	11
us-gaap:AdvancesFromFederalHomeLoanBanks	11
us-gaap:CommonStockShareSubscribedButUnissuedSubscriptionsReceivable	11
us-gaap:AccountsPayableOtherCurrent	11
us-gaap:AccumulatedDeferredInvestmentTaxCredit	11
us-gaap:OtherNotesPayableCurrent	11
us-gaap:CustomerAdvancesNoncurrent	11
us-gaap:OtherDeferredCreditsNoncurrent	10
us-gaap:RestructuringReserveNoncurrent	10
us-gaap:AccruedCappingClosurePostClosureAndEnvironmentalCostsNoncurrent	10
us-gaap:JuniorSubordinatedNotes	10
us-gaap:InterestPayableCurrentAndNoncurrent	10
us-gaap:SharesSubjectToMandatoryRedemptionSettlementTermsAmount	10
us-gaap:NoncontrollingInterestInVariableInterestEntity	10
us-gaap:DeferredTaxAndOtherLiabilitiesNoncurrent	9
fil:CommonStockPayable	9
us-gaap:DerivativeFairValueOfDerivativeLiability	9
us-gaap:AdvancePaymentsByBorrowersForTaxesAndInsurance	9
us-gaap:AccountsPayableTradeCurrent	9
us-gaap:BeneficialInterest	9
us-gaap:SaleLeasebackTransactionDeferredGainNet	9
us-gaap:Capital	9
us-gaap:OtherNotesPayable	9
us-gaap:DividendsPayableCurrent	8
us-gaap:NoninterestBearingDepositLiabilities	8
us-gaap:MembersCapital	8
fil:ClassBCommonStockValueOutstanding	8
us-gaap:DerivativeInstrumentsAndHedgesLiabilitiesNoncurrent	8
us-gaap:AccruedPayrollTaxesCurrent	8
us-gaap:RedeemableNoncontrollingInterestEquityRedemptionValue	8
us-gaap:CapitalUnits	8
us-gaap:HedgingLiabilitiesNoncurrent	8
us-gaap:UnearnedESOPShares	8
us-gaap:AccruedInsuranceNoncurrent	7
us-gaap:CustomerAdvancesCurrent	7
us-gaap:MinorityInterestInPreferredUnitHolders	7
us-gaap:WorkersCompensationLiabilityNoncurrent	7
us-gaap:DividendsPayableCurrentAndNoncurrent	7
us-gaap:ConvertibleDebt	7
us-gaap:SeniorNotes	7
us-gaap:NotesAndLoansPayable	7
us-gaap:TimeDeposits	7
us-gaap:IncentiveFromLessor	7
oi:LiabilityForAsbestosRelatedLiabilitiesNoncurrent	6
us-gaap:MandatorilyRedeemablePreferredStockFairValueDisclosure	6
fil:LiabilitiesFromDiscontinuedOperations	6
sci:CareTrustsCorpus	6
us-gaap:NotesPayableToBankNoncurrent	6
us-gaap:SaleLeasebackTransactionDeferredGainGross	6
fil:ConvertibleNotesPayableRelatedParties	6
sci:DeferredPreneedFuneralAndCemeteryReceiptsHeldInTrust	6
us-gaap:ProductWarrantyAccrualClassifiedCurrent	6
us-gaap:DueToOtherRelatedPartiesClassifiedCurrent	6
fil:AccruedInterestRelatedParties	6
jgw:StockholdersEquityAndMembersCapitalIncludingPortionAttributableToNoncontrollingInterest	6
us-gaap:LoansPayableToBank	6
us-gaap:LiabilityForFuturePolicyBenefitsAndUnpaidClaimsAndClaimsAdjustmentExpense	6
us-gaap:UnearnedPremiums	6
us-gaap:MineReclamationAndClosingLiabilityNoncurrent	6
us-gaap:PreferredUnitsPreferredPartnersCapitalAccounts	6
fls:RetirementObligationsAndOtherLiabilities	6
lh:NoncontrollingInterestMezzanineEquity	6
us-gaap:CommonStockOtherValueOutstanding	6
us-gaap:SaleLeasebackTransactionAmountDueUnderFinancingArrangement	6
us-gaap:TaxesPayableCurrentAndNoncurrent	6
us-gaap:OtherLongTermDebt	6
us-gaap:LoansAndLeasesReceivableRelatedParties	6
wec:TotalDeferredCreditsAndOtherLiabilities	6
wec:TotalCapitalization	6
us-gaap:AssetRetirementObligationCurrent	6
us-gaap:SecurityDepositLiability	6
ogs:TotalDeferredCreditsAndOtherLiabilities	6
ato:RegulatoryCostOfRemovalLiability	5
xco:AssetRetirementObligationsAndOtherLiabilitiesNoncurrent	5
glf:OtherTaxLiabilities	5
us-gaap:RelatedPartyDepositLiabilities	5
psd:TotalLongtermAndRegulatoryLiabilities	5
us-gaap:DeferredCompensationEquity	5
xdsl:ConvertibleDebtDerivativeLiability	5
bxp:TemporaryEquityCarryingAmountRedeemableInterestInPropertyPartnerships	5
geo:NoncurrentPortionOfNonRecourseDebt	5
clr:TotalOtherNoncurrentLiabilities	5
so:PreferenceStock	5
so:RedeemablePutOption	5
us-gaap:CumulativeEarningsDeficit	5
us-gaap:CustomerLoyaltyProgramLiabilityNoncurrent	5
fil:LoansPayableRelatedPartyCurrent	5
cr:AsbestosLiabilityNoncurrent	5
yrcw:ClaimsAndInsuranceAccrualsNoncurrent	5
ck0000081061:TotalEquity	5
cake:DeemedLandlordFinancingLiability	5
us-gaap:CustomerAdvancesAndDepositsCurrent	5
uhsi:DefinedBenefitPensionPlanLiabilitiesAndOtherLiabilitiesNoncurrent	5
msb:UnallocatedReserve	5
knd:ProfessionalLiabilityRisksNonCurrent	5
pgtk:NatureOfOperationsAndContinuanceOfBusiness	5
sci:DeferredPreneedCemeteryRevenues	5
pnm:CumulativePreferredStockOfSubsidiaryWithoutMandatoryRedemptionRequirements	5
mon:AccruedLitigationAndEnvironmentalLossContingenciesNonCurrent	5
pgtk:SubsequentEvents	5
vc:EmployeeRelatedLiabilitiesNoncurrent	5
hca:ProfessionalLiabilityRisks	5
sci:DeferredPreneedFuneralRevenues	5
hca:IncomeTaxesAndOtherLiabilities	5
rog:AsbestosLiabilityNoncurrent	5
us-gaap:StandardProductWarrantyAccrualNoncurrent	5
luk:MandatorilyRedeemableConvertiblePreferredShares	5
us-gaap:SecuredDebt	5
skyw:DeferredAircraftCredits	5
luk:RedeemableNoncontrollingInterestsCarryingAmount	5
cbs:AccruedRoyaltiesNoncurrent	5
us-gaap:ShareholdersEquityFairValueDisclosure	5
mmc:FiduciaryLiabilitiesNetNoncurrent	5
us-gaap:RedeemableNoncontrollingInterestEquityCommonRedemptionValue	5
mtn:OtherLongTermLiabilitiesNoncurrent	5
cmcsa:AccruedParticipationsResidualsAndProgramObligationsNoncurrent	5
spr:DeferredGrantIncomeLiabilityNoncurrent	5
bbrg:IncentiveFromLessorNonCurrent	5
avy:LongTermRetirementBenefitsAndOtherLiabilities	5
avy:NonCurrentDeferredAndPayableIncomeTaxes	5
jblu:DeferredTaxesAndOther	5
jblu:ConstructionObligation	5
bbg:DerivativeLiabilitiesAndOtherLiabilitiesNoncurrent	5
rgr:ProductLiabilityAccrualNoncurrent	5
us-gaap:DerivativeLiabilityFairValueNet	5
us-gaap:LongTermDebtAndCapitalLeaseObligationsCurrent	5
us-gaap:OtherDeferredCompensationArrangementsLiabilityClassifiedNoncurrent	5
us-gaap:BusinessAcquisitionEquityInterestIssuedOrIssuableValueAssigned	5
cato:OtherNoncurrentLiabilitiesPrimarilyDeferredRent	5
us-gaap:AccountsPayableOtherCurrentAndNoncurrent	5
mmc:LiabilityForErrorsAndOmissions	5
usci:TrustCapitalAccount	5
fmcc:ShareholdersInterestValue	5
luv:ConstructionObligationNoncurrent	5
ttek:BusinessAcquisitionContingentConsiderationPotentialCashPaymentNoncurrent	5
us-gaap:DeferredLongTermLiabilityCharges	5
atr:DeferredLiabilitiesAndOtherLiabilitiesNoncurrent	5
fhn:OtherInterestBearingDeposits	4
ingr:ShareBasedPaymentsSubjectToRedemption	4
us-gaap:DepositsSavingsDeposits	4
us-gaap:SharesSubjectToMandatoryRedemptionSettlementTermsAmountNoncurrent	4
arna:SaleLeasebackFinancingObligationsNoncurrent	4
gcnl:NoncontrollingInterestSubjectToRedemptionValue	4
fil:CommonStockClassA	4
us-gaap:InterestBearingDomesticDepositSavings	4
us-gaap:MembersEquityAttributableToNoncontrollingInterest	4
us-gaap:FederalFundsPurchased	4
us-gaap:SubordinatedLongTermDebt	4
eqr:RedeemableNoncontrollingInterestsOperatingPartnership	4
us-gaap:DeferredCompensationSharebasedArrangementsLiabilityClassifiedNoncurrent	4
millgmt:TrustCapital	4
asps:CommitmentsContingenciesAndRegulatoryMatters	4
us-gaap:AdvancesToAffiliate	4
us-gaap:FederalHomeLoanBankAdvances	4
us-gaap:NotesPayableToBank	4
us-gaap:InterestBearingDomesticDepositMoneyMarket	4
us-gaap:LongTermNotesAndLoans	4
cqp:OtherNonCurrentLiabilitiesRelatedParty	4
fil:OfficialChecks	4
viab:ParticipantsShareAndResidualsNoncurrent1	4
nrp:DeferredRevenueAffiliatesNoncurrent	4
fil:CommonStockClassB	4
us-gaap:TimeDeposits100000OrMore	4
us-gaap:BusinessCombinationAcquisitionOfLessThan100PercentNoncontrollingInterestFairValue	4
keg:EmployeeRelatedLiabilitiesNoncurrent	4
pcln:ConvertibleDebtEquity	4
fil:InterestPayableStockholder	4
us-gaap:LiabilitiesOfAssetsHeldForSale	4
us-gaap:PensionAndOtherPostretirementAndPostemploymentBenefitPlansLiabilitiesCurrent	4
sre:PreferredStockOfSubsidiaries	4
fil:AccruedInterestStockholder	4
sre:PensionObligationNetOfPlanAssets	4
ngls:DerivativeLiabilityBeforeEffectsOfMasterNettingArrangementsNoncurrent	4
us-gaap:DeferredRevenueAndCredits	4
us-gaap:DeferredCompensationShareBasedArrangementsLiabilityCurrent	4
juvf:AccountsPayableAndOtherLiabilities	4
pope:EnvironmentalRemediationAndOtherLongtermLiabilities	4
us-gaap:PensionAndOtherPostretirementDefinedBenefitPlansLiabilitiesCurrentAndNoncurrent	4
us-gaap:TimeDepositsNoncurrent	4
bctcv:SubscriptionPayable	4
jfgi:TotalMandatorilyRedeemablePreferredStock	4
okrg:NonControllingInterestInTrustInvestments	4
omam:TotalEquityIncludingTemporaryEquityCarryingAmountAttributableToNoncontrollingInterest	4
us-gaap:AccruedEmployeeBenefitsCurrentAndNoncurrent	4
trgp:DerivativeLiabilityBeforeEffectsOfMasterNettingArrangementsNoncurrent	4
rigl:DeferredSubleaseLiabilityNoncurrent	4
us-gaap:EmbeddedDerivativeFairValueOfEmbeddedDerivativeLiability	4
bctciv:SubscriptionPayable	4
us-gaap:TradingLiabilities	4
se:PreferredSecuritiesOfSubsidiary	4
us-gaap:OtherBorrowings	4
us-gaap:PayablesToBrokerDealersAndClearingOrganizations	4
cbl:RedeemableNoncontrollingPartnershipInterests	4
safe:TotalDeficit	4
fil:AccruedRelatedPartyInterest	4
us-gaap:AccountsPayableAndAccruedLiabilities	4
fil:NotesPayableRelatedPartiesCurrent	4
us-gaap:JuniorSubordinatedDebentureOwedToUnconsolidatedSubsidiaryTrustNoncurrent	4
fil:AccruedInterestOnFinancingObligation	4
us-gaap:StockholdersEquityQualifiedForNetCapital	4
us-gaap:DepositsDomestic	4
us-gaap:CommonStockDiscountOnShares	3
bks:MembershipInterests	3
icof:TotalEquity	3
fil:AccumulatedEquityDeficitPriorToExplorationStage	3
wgl:TotalDeferredCredits	3
us-gaap:BusinessCombinationContingentConsiderationLiabilityCurrent	3
fec:OtherLiabilitiesNoncurrentTotal	3
us-gaap:OtherLongTermNotesPayable	3
bby:DisposalGroupIncludingDiscontinuedOperationLongtermLiabilities	3
csc:IncomeTaxLiabilitiedAndDeferredIncomeTaxes	3
fdx:OtherLiabilitiesNoncurrentTotal	3
bvx:SeriesAConvertiblePreferredStock	3
us-gaap:CommonStockHeldInTrust	3
slh:RedeemableNoncontrollingInterests	3
us-gaap:MinorityInterestAmountRepresentedByPreferredStock	3
us-gaap:OtherLoansPayableLongTerm	3
us-gaap:FederalHomeLoanBankAdvancesLongTerm	3
us-gaap:ProductWarrantyAccrual	3
ck0000320431:MembersAndNonMembersDepositsNoncurrent	3
tear:ExchangeRight	3
frfd:PartnersCapitalIncludingOtherOwnershipInterests	3
am:DeferredIncomeTaxesAndNoncurrentIncomeTaxesPayable	3
cik0001418372:ParticipantsFundBalances	3
us-gaap:AccruedRentCurrent	3
cik0001418372:CarpetCareReserve	3
fil:AccruedInterestLoansPayable	3
fil:ContributedCapital	3
fil:LoanPayableRelatedParties	3
us-gaap:LitigationReserve	3
agen:ContingentRoyalty	3
edr:RedeemableLimitedPartnersInterest	3
svlt:SubsequentEvents	3
cmcsa:RedeemableNoncontrollingInterestsAndRedeemableSubsidiaryPreferredStock	3
us-gaap:PreferredStockSharesSubscribedButUnissuedValue	3
us-gaap:ShorttermDebtFairValue	3
fil:PreferredBStock	3
mur:LiabilitiesOfAssetsHeldForSaleNoncurrent	3
cps:TemporaryEquity	3
cmn:ContingentConsiderationLiabilitiesNoncurrent	3
fil:AdvanceFromCustomers	3
wpx:GrossDerivativeLiabilitiesNoncurrent	3
fil:PreferredAStock	3
us-gaap:DeferredCompensationSharebasedArrangementsLiabilityCurrentAndNoncurrent	3
sre:RegulatoryBalancingAccountsOvercollected	3
us-gaap:RedeemableNoncontrollingInterestEquityPreferredFairValue	3
us-gaap:SupplementaryInsuranceInformationOtherPolicyClaimsAndBenefitsPayable	3
us-gaap:DeferredCompensationLiabilityCurrentAndNoncurrent	3
fil:ShortTermConvertibleDebtNetOfDiscount	3
sre:ContingentlyRedeemablePreferredStockOfSubsidiary	3
fil:CemeteryPerpetualCareObligation1	3
us-gaap:StockholdersEquityAttributableToParentNotAllowableForNetCapital	3
us-gaap:PreferredStockRedemptionAmountFutureRedeemableSecurities	3
us-gaap:ConstructionPayableCurrent	3
enlc:InstallmentPayableNoncurrent	3
mtrn:UnearnedIncomeNoncurrent	3
exeo:SeriesBConvertiblePreferredStockNonredeemableOrRedeemableIssuerOptionValue	3
ck0001448038:PendingCapitalUnits	3
uhsi:DividendsPayableToParent	3
kn:StockholdersEquityExcludingNetFormerParentCompanyInvestment	3
fmi:DeferredRentAndOtherLiabilitiesNoncurrent	3
csu:NotesAndLoansPayableNonCurrent	3
sp:OffMarketLeaseUnfavorableNoncurrent	3
wrk:NonRecourseLiabilitiesHeldbySpecialPurposeEntities	3
bxp:NoncontrollingInterestRedeemablePartnershipUnitsCommonUnitsValue	3
us-gaap:EmployeeStockOwnershipPlanESOPFairValueOfSharesSubjectToRepurchaseObligation	3
dynr:PreferredStockSeriesC	3
fil:PreferredStockSeriesB	3
csc:IncomeTaxLiabilitiesAndDeferredIncomeTaxes	3
fil:LiabilityForPreferredStockRelatedParty	3
us-gaap:LiabilitiesSubjectToCompromiseDebtAndAccruedInterest	3
fil:CemeteryPerpetualCareObligation	3
snmx:LeaseholdIncentiveObligationnoncurrent	3
us-gaap:InterestReceivable	3
bpmc:LeaseIncentivePayableNoncurrent	3
ubnk:MortgagorsAndInvestorsEscrowAccounts	3
ubnk:AccruedExpensesAndOtherLiabilities	3
spl:OtherNonCurrentLiabilitiesRelatedParty	3
ebio:WarrantLiability	3
tris:CapitalizationLongTermDebtNoncurrentAndEquity	3
tris:DeferredCreditsRegulatoryLiabilitiesAndOtherLiabilities	3
us-gaap:AccountsPayable	3
us-gaap:PensionAndOtherPostretirementAndPostemploymentBenefitPlansLiabilitiesCurrentAndNoncurrent	3
chp:StockholdersEquityAndTemporaryEquityIncludingPortionAttributableToNoncontrollingInterest	3
gen:SaleAndLeasebackObligationsNoncurrent	3
us-gaap:LiabilitiesOfBusinessTransferredUnderContractualArrangementNoncurrent	3
viab:Programobligationsnoncurrent1	3
us-gaap:StockholdersEquityIncludingPortionAttributableToNoncontrollingInterestAdjustedBalance1	3
nile:LongTermFinancingObligationNonCurrent	3
ggp:RedeemableNoncontrollingInterests	3
ccf:DeferredIncomeTaxNetNonCurrentLiabilities	3
fil:AccruedInterestRelatedParty	3
fil:AmountsDueToMinorityShareholders	3
us-gaap:AccruedLiabilitiesForCommissionsExpenseAndTaxes	3
bxp:NoncontrollingInterestRedeemablePartnershipSeriesFourUnitsPreferredUnitsValue	3
us-gaap:CommonStockSharesSubscribedButUnissued	3
fil:ConvertibleNotesPayableLongTermPortion	3
us-gaap:NotesAndLoansPayableCurrent	3
us-gaap:OtherPostretirementBenefitsPayableNoncurrent	3
hon:AsbestosRelatedLiabilities	3
str:RegulatoryAndOtherNoncurrentLiabilities	3
sre:PayableRelatedToNaturalGasLeak	3
dow:LongtermDebtandCapitalLeaseObligationsNetofUnamortizedIssuanceCosts	3
pesi:PreferredStockOfSubsidiaryValue	3
acep:MembersEquityTotal	3
us-gaap:TemporaryEquityLiquidationPreference	3
us-gaap:PensionAndOtherPostretirementDefinedBenefitPlansCurrentLiabilities	3
us-gaap:PreconfirmationStockholdersEquity	3
us-gaap:JuniorSubordinatedDebentureOwedToUnconsolidatedSubsidiaryTrust	3
gva:NonRecourseDebtNoncurrent	3
kmb:RedeemablePreferredAndCommonSecuritiesOfsubsidiaries	3
us-gaap:CommonStockholdersEquity	3
us-gaap:DeferredRentCredit	3
fil:DeferredGainNetOfCurrentPortion	3
fil:CurrentPortionOfDeferredGain	3
orgs:RedeemableCommonStock	3
us-gaap:OtherEmployeeRelatedLiabilitiesCurrentAndNoncurrent	3
fil:ConvertibleNotesPayableLongTermPortionRelatedParty	3
sxt:EmployeeRelatedLiabilitiesNonCurrent	2
fil:PreferredStockSeriesBValueOutstanding	2
fil:ConvertibleNotesPayableCannavest	2
lgfa:BusinessCombinationConsiderationTransferredLiabilitiesAccrued	2
lgfa:ParticipationsAndResidualsNoncurrent	2
fil:PreferredStockSeriesAValueOutstanding	2
us-gaap:DeferredTaxAssetsOtherComprehensiveLoss	2
us-gaap:CustomerAdvancesAndDeposits	2
fprx:TaxesPayableNoncurrent	2
us-gaap:TreasuryStockCarryingBasis	2
fil:NotesPayableRelatedParty	2
flr:LiabilitiesNoncurrentExcludingLongTermDebtNoncurrent	2
sre:OtherPostretirementBenefitObligationsNetOfPlanAssets	2
us-gaap:ObligationWithJointAndSeveralLiabilityArrangementAmountOutstanding	2
lgfa:FilmAndProductionObligationsNoncurrent	2
maa:PermanentEquityAttributabletoParentandNoncontrollingInterest	2
us-gaap:LitigationReserveCurrent	2
sre:RegulatoryLiabilitiesArisingFromRemovalObligations	2
sre:RegulatoryLiabilitiesArisingFromOtherPostRetirementBenefitAssets	2
sgry:EscrowLiabilityNoncurrent	2
sre:DeferredTaxesRefundableInRates	2
sre:ConstructionDepositsByLargeCustomers	2
synl:SaleLeasebackTransactionDeferredGainNetNoncurrent	2
sre:RegulatoryBalancingAccountsNet	2
us-gaap:TemporaryEquityAggregateAmountOfRedemptionRequirement	2
scie:MezzanineEquity	2
crc:DeferredGainLossAndIssuanceCostsNet	2
heb:RedeemableWarrants	2
fil:AdvancesPayableOfficer	2
wec:TotalCommonShareholdersEquity	2
mu:ConvertibleDebtEquity	2
us-gaap:DueFromRelatedParties	2
safe:RedeemablePreferredStockSubjectToRedemption0ParValue20000000SharesAuthorized13056932And0SharesIssuedAndOutstandingAtDecember312016AndDecember312015Respectively	2
awk:DeferredCreditsAndRegulatoryLiabilities	2
eqr:RedeemableLimitedPartners	2
bcrx:LeaseFinancingObligationNetOfCurrent	2
kmb:RedeemablePreferredSecuritiesofSubsidiaries	2
cik0001642375:MembersAndStockholdersEquityDeficit	2
chgch:EquitiesAndMargins	2
tkci:AdvancesPayableForAnticipatedBusinessTransaction	2
us-gaap:DebtInstrumentUnamortizedDiscountPremiumAndDebtIssuanceCostsNet	2
us-gaap:PreferredUnitsIssued	2
pub14a:LongTermHedgeLiabilityDueToAffiliate	2
fil:SbaLoanLongTerm	2
fil:AccruedInterest	2
pub11:LongTermHedgeLiabilityDueToAffiliate	2
pub14:LongTermHedgeLiabilityDueToAffiliate	2
fil:OtherComprehensiveIncome	2
pub15a:LongTermHedgeLiabilityDueToAffiliate	2
fil:PayableForGood2driveLlcAcquisition	2
us-gaap:OtherCommitment	2
pub10:LongTermHedgeLiabilityDueToAffiliate	2
pub09:LongTermHedgeLiabilityDueToAffiliate	2
pub12:LongTermHedgeLiabilityDueToAffiliate	2
fil:RedeemableCommonStockValue	2
jva:RedeemableCommonStockValue	2
sgry:TaxReceivableAgreementLiabilityNoncurrent	2
pub17b:LongTermHedgeLiabilityDueToAffiliate	2
fil:SbaLoanCurrent	2
us-gaap:JuniorSubordinatedDebentureOwedToUnconsolidatedSubsidiaryTrustCurrent	2
pub18a:LongTermHedgeLiabilityDueToAffiliate	2
us-gaap:DebtCurrent	2
pub16a:LongTermHedgeLiabilityDueToAffiliate	2
pub15b:LongTermHedgeLiabilityDueToAffiliate	2
ser25a:LongTermHedgeLiabilityDueToAffiliate	2
pub17a:LongTermHedgeLiabilityDueToAffiliate	2
ser25b:LongTermHedgeLiabilityDueToAffiliate	2
pub18c:LongTermHedgeLiabilityDueToAffiliate	2
pub18b:LongTermHedgeLiabilityDueToAffiliate	2
ucc:LongtermDebtandCapitalLeaseObligationsNetofUnamortizedIssuanceCosts	2
ser26:LongTermHedgeLiabilityDueToAffiliate	2
ser28:LongTermHedgeLiabilityDueToAffiliate	2
acor:NoncurrentLiabilityRelatedToSaleOfFutureRoyalties	2
ora:AccumulatedLossesOfUnconsolidatedCompanyInExcessOfInvestment	2
afpw:PreferredStockSeriesBValue	2
us-gaap:LoansPayableToBankCurrent	2
fil:TotalLongTermLiabilities	2
us-gaap:OtherLoansPayableCurrent	2
fil:EurBondShortTermDebtCurrent	2
fil:LiabilityDueToConversionFeatureNoncurrent	2
nnan:RightsNotSettleableInCashFairValueDisclosure	2
ivda:DividendsPayableNoncurrent	2
ser27:LongTermHedgeLiabilityDueToAffiliate	2
wyigu:CommonStockSubjectToPossibleRedemption	2
phot:ContingentlyRedeemableCommonStock	2
splng:DeferredRevenueRelatedPartyNoncurrent	2
us-gaap:LiabilitiesFairValueDisclosure	2
us-gaap:BillingsInExcessOfCost	2
nwbb:StockholdersEquityIncludingTheMaximumCashObligationRelatedToESOPShares	2
fil:DeferredGrantIncome	2
fil:EquipmentLeasesPayable	2
fil:StockPayable	2
fil:ChfBondShortTermDebtCurrent	2
fil:NotesPayableAccruedInterestRelatedPartiesCurrent	2
agp:AssetRetirementObligationsAndOtherNoncurrent	2
fil:NotesPayableAccruedInterestCurrent	2
banc:ReserveForLossReimbursementsOnSoldLoans	2
us-gaap:AccruedIncomeTaxes	2
ttph:AccruedInterestPaymentTermLoan	2
ck0001575428:RedeemableCommonStock	2
onty:RestrictedShareUnitLiability	2
prtk:ConvertiblePreferredStockValue	2
kkd:LeaseObligationsNoncurrent	2
juno:BuildToSuitLeaseObligationNonCurrent	2
egas:TotalLongTermLiabilitiesExcludingNotesPayable	2
roic:ROICNoncontrollingInterestsRedeemableOPUnits	2
asti:EmbeddedDerivativeFairValueOfEmbeddedDerivativeLiabilityNoncurrent	2
fil:AccruedInterestPayableToRelatedParty	2
us-gaap:DueToOfficersOrStockholdersCurrentAndNoncurrent	2
gpac:PossibleRedemption	2
drh:TotalOtherLiabilities	2
jrn:SyndicatedProgramsLiabilityNoncurrent	2
ck0001337272:NoncontrollingInterestInPreferredStockSubjectToPutOption	2
cik:NoncontrollingInterestRedeemablePartnershipSeriesFourUnitsPreferredUnitsValue	2
cik:TemporaryEquityCarryingAmountRedeemableInterestInPropertyPartnerships	2
aria:FacilityLeaseObligationsLessCurrentPortion	2
us-gaap:NonredeemableNoncontrollingInterest	2
us-gaap:RedeemableConvertiblePreferredStockCarryingAmount	2
mec:TotalCapitalizationNoncurrentLongtermDebtAndEquity	2
us-gaap:SecuredDebtRepurchaseAgreements	2
enoc:AccruedAcquisitionContingentConsiderationNonCurrent	2
chi:DueToParent	2
bbsi:CustomerDepositsAndOtherLongTermLiabilities	2
us-gaap:ContractualObligation	2
omg:PurchasePricePayableToSeller	2
scln:LiabilitiesCurrentAndDeferredRentCurrentAndDeferredRevenueCurrent	2
scln:LiabilitiesNonCurrentAndDeferredRentNonCurrent	2
ann:LongtermperformancecompensationLessCurrentPortion	2
us-gaap:Assets	2
jnfc:LiabilitiesBeforeLiabilitiesSubordinatedToClaimsOfGeneralCreditors	2
jnfc:PartnershipCapitalSubjectToMandatoryRedemption	2
cehd:TotalEquity	2
car:LiabilitiesUnderVehiclePrograms	2
car:TotalLiabilitiesExclusiveOfLiabilitiesUnderVehiclePrograms	2
cambu:CommonStockSubjectToPossibleConversionOrTenderValue	2
hsp:PensionAndOtherPostretirementDefinedBenefitPlansLiabilitiesAndOtherLiabilitiesNoncurrent	2
us-gaap:AccountsPayableRelatedParties	2
fil:Preferredstockseriesavalue	2
fil:Preferredstockseriescvalue	2
pedo:RedeemableSeriesConvertiblePreferredStock	2
ckp:DeferredRevenueFinancingArrangement	2
us-gaap:BillingsInExcessOfCostCurrent	2
oxm:BusinessAcquisitionContingentConsiderationAtFairValueAtBalanceSheetDateNoncurrent	2
cik:NoncontrollingInterestRedeemablePartnershipUnitsCommonUnitsValue	2
cik:NoncontrollingInterestRedeemablePartnershipSeriesTwoUnitsPreferredUnitsValue	2
us-gaap:OtherMinorityInterests	2
us-gaap:MinorityInterestInJointVentures	2
fil:AccruedDividends	2
fil:CurrentPortionOfConvertibleDebenturesNet	2
fil:ConvertibleDebenturesRelatedParty	2
fil:ConvertibleDebentures	2
fil:SeriesHIAndJConvertiblePreferredStock	2
fil:PreferredStockSeriesC	2
jrn:PensionAndOtherPostretirementDefinedBenefitPlansNoncurrent	2
us-gaap:AccruedLiabilities	2
clip:TotalPartnersCapitalIncludingPortionAttributableToNoncontrollingInterest	2
us-gaap:DeferredTaxAssetsLiabilitiesNet	2
kwk:PartnershipLiability	2
depo:LiabilityRelatedToSaleOfFutureRoyaltiesNoncurrent	2
us-gaap:EmployeeStockOwnershipPlanESOPDeferredSharesFairValue	2
lieg:StockSubjectToRescission	2
stan:OffMarketLeaseUnfavorableNoncurrent	2
us-gaap:UnsecuredDebt	2
simon:LimitedPartnersPreferredInterestInOperatingPartnershipAndNoncontrollingRedeemableInterestsInProperties	2
fmbi:FederalFundsPurchasedAndSecuritiesSoldUnderAgreementsToRepurchaseAndLongTermFederalHomeLoanBankAdvances	2
ctso:PreferredStockValueNotIncludedInStockholdersEquity	2
spg:LimitedPartnersPreferredInterestInOperatingPartnershipAndNoncontrollingRedeemableInterestsInProperties	2
fil:WarrantLiability	2
us-gaap:SelfInsuranceReserve	2
ayi:OtherLongTermLiabilities	2
us-gaap:NotesPayableRelatedPartiesCurrent	2
hska:PublicCommonStocksubjecttoredemption	2
uba:RedeemableNoncontrollingInterests	2
ecdc:AmountsPayableInCommonStock	2
fil:InterestPayableRelatedParty	2
mwv:NonrecourseLiabilitiesOwedByConsolidatedSpecialPurposeEntities	2
mye:LongtermDebtNetofDeferredFinancingCosts	2
ck0001337272:StockSubjectToPutOption	2
us-gaap:AssetsCurrent	2
ottwob:RedeemableCommonStockHeldByESOPPlan	2
us-gaap:TaxesPayable	2
rmiix:PendingCapitalUnits	2
agen:OtherLTD	2
sep:LongTermDebtNoncurrentExcludingNotesPayableRelatedParties	2
cmlp:LongtermDebtGrossExcludingCurrentMaturities	2
ceqp:LongtermDebtGrossExcludingCurrentMaturities	2
fdo:SaleLeasebackTransactionDeferredGainGrossNonCurrrent	2
snmx:LeaseholdIncentiveObligationNoncurrent	2
us-gaap:PreferredStockIncludingAdditionalPaidInCapitalNetOfDiscount	1
pwx:DeferredGrantAndOtherIncomeNonCurrent	1
avav:EmployeeRelatedLiabilitiesAndOtherAccrualsNoncurrent	1
abbv:StockholdersEquityIncludingParentInvestmentPriorToSeparation	1
sheph:RedeemablePreferredEquity	1
aep:MezzanineEquity	1
plnt:StockholdersAndMembersEquityIncludingPortionAttributableToNoncontrollingInterest	1
aert:LongTermDebtNoncurrentNetOfUnamortizedDebIssuanceCosts	1
sncr:BusinessCombinationContingentConsiderationLiabilityNoncurrent	1
jsyn:CommonStockSubjectToPossibleRedemtion	1
us-gaap:RegulatoryLiabilities	1
exas:InterestPayableNoncurrent	1
exas:LeaseIncentivePayableNoncurrent	1
fil:ContingentCashConsideration	1
us-gaap:InterestReceivableCurrent	1
fold:WarrantsAndRightsOutstandingNoncurrent	1
us-gaap:NotesPayableToBankCurrent	1
fil:SharesToBeIssued	1
us-gaap:EquityFairValueDisclosure	1
fil:AccruedOfficersCompensation	1
crzo:NonCurrentLiabilitiesOfAssetsHeldForSale	1
svt:AccruedArbitrationAwardLiabilityNonCurrent	1
fil:LoansFromOfficers	1
us-gaap:CommonStocksIncludingAdditionalPaidInCapitalNetOfDiscount	1
fil:AgedDebt	1
fil:DeferredGovernmentAssistance	1
fcpt:EquityAttributableToParent	1
sgry:LongTermTaxReceivableAgreementLiability	1
us-gaap:RestrictedInvestmentsCurrent	1
us-gaap:ReceivablesLongTermContractsOrPrograms	1
us-gaap:MultiemployerPlansWithdrawalObligation	1
edr:RedeemableLimitedPartnerUnitsEquityCarryingAmount	1
asti:SecuredPromissoryNotesNoncurrent	1
us-gaap:AccruedRentNoncurrent	1
fil:CollateralDeposits	1
fil:CommonStockHeldInEscrow	1
dds:SubordinatedDebentures	1
fil:DueToAffiliatedCompany	1
yosn:TotalYosenGroupsStockholdersDeficit	1
yosn:StatutoryReserve	1
ecdc:ContingentAcquisitionLiabilities	1
us-gaap:RedeemableNoncontrollingInterestEquityPreferredRedemptionValue	1
crc:DebtInstrumentCarryingAmountNoncurrent	1
lpsb:AccruedInterestPayableAndOtherLiabilities	1
fil:ConvertibleNotePayableAndInterest	1
tdw:LiabilityForClaimsAndClaimsExpenseNoncurrent	1
us-gaap:DeferredTaxAssetsNetNoncurrent	1
cocp:SeriesConvertiblePreferredStock0.001ParValue1000SharesAuthorizedIssuedAndOutstandingAtDecember312014IssuedInMergerWithRfsPharmaLlc	1
ctgx:Other	1
mbvx:TotalRedeemableConvertiblePreferredStock	1
splng:OtherNonCurrentLiabilitiesRelatedParty	1
us-gaap:SeniorNotesCurrent	1
us-gaap:RedeemableConvertiblePreferredStockValueExcludingAdditionalPaidInCapital	1
gnpx:InvestmentUnit	1
fil:InterestPayable1	1
arwau:OrdinarySharesSubjectToConversion	1
us-gaap:StatutoryAccountingPracticesStatutoryCapitalAndSurplusBalance	1
us-gaap:AccumulatedOtherComprehensiveIncomeLossBeforeTax1	1
us-gaap:DeferredTaxLiabilitiesGoodwillAndIntangibleAssetsIntangibleAssets	1
juno:TenantImprovementAllowanceAndDeferredRentNoncurrent	1
us-gaap:TreasuryStockCommonValue	1
omp:NetParentInvestment	1
nvmm:ConvertibleRedeemablePreferredStockValue	1
us-gaap:DerivativeFairValueOfDerivativeLiabilityAmountNotOffsetAgainstCollateral	1
cdxs:LeaseIncentiveObligationNoncurrent	1
cmn:LongTermAcquisitionPayableNoncurrent	1
us-gaap:AccountsPayableOther	1
knd:IntercompanyPayableNoncurrent	1
fil:OtherAccruedExpensesPayable	1
upl:LiabilitiesNotSubjectToCompromiseParent	1
us-gaap:DueFromOfficersOrStockholdersCurrent	1
jone:StockholdersAndMembersEquityIncludingPortionAttributableToNoncontrollingInterest	1
fate:ExchangeableShareLiabilityNoncurrent	1
fil:BankIndebtedness	1
fil:StatutoryReserveFund	1
us-gaap:AccruedSalariesCurrentAndNoncurrent	1
fil:LoansFromStockholder	1
fil:AdvanceFromCustomer	1
us-gaap:DueToOtherRelatedPartiesNoncurrent	1
fil:ConvertibleNotesPayableRelatedParty	1
dtsi:LiabilityForUncertainTaxPositionsAndOtherLiabilitiesNoncurrent	1
kpti:TemporaryEquitySubscriptionsAndCarryingAmountAttributableToParent	1
cway:RetainedEarningsAccumulatedDeficitIncludingAccumulatedOtherComprehensiveIncomeLossNetOfTax	1
fpi:TemporaryEquityCarryingAmountAttributableToParentExcludingRedeemableNoncontrollingInterestEquityPreferredCarryingAmount	1
rngr:StockholdersEquityIncludingPortionAttributableToNoncontrollingInterestAndNetParentInvestment	1
hpac:CommonStockSubjectToConversionOrTender	1
fil:SubscriptionFundsReceivedInAdvance	1
akao:ContingentlyRedeemableCommonStock	1
ottw:RedeemableCommonStockHeldByESOPPlan	1
casl:Buildtosuitliability	1
wein:StockholdersEquityLessMaximumCashObligationRelatedToEsopShares	1
wizp:LicensePurchaseObligationNet	1
sci:Deferredpreneedrevenue	1
us-gaap:DueToOfficersOrStockholdersNoncurrent	1
edvp:LicenseFeePayableNetOfUnamortizedDiscount	1
rba:ContingentlyRedeemablePerformanceShareUnits	1
egn:TotalDeferredCreditsAndOtherLiabilities	1
zedg:MezzanineEquity	1
us-gaap:SharesSubjectToMandatoryRedemptionSettlementTermsFairValueOfShares	1
fil:ConvertibleBondTermDebtNoncurrent	1
casc:RestrictedShareUnitLiability	1
xco:WarrantLiabilityNoncurrent	1
lnt:TotalDeferredCreditsAndOtherLiabilities	1
enlk:InstallmentPayableNoncurrent	1
qdel:DeferredConsiderationNoncurrent	1
banc:DueOnUnsettledSecuritiesPurchases	1
ssp:LiabilitiesHeldForSaleNotPartOfDisposalGroupNoncurrent	1
cik0001574969:EquityLineOfCreditNonCurrent	1
cik0001574969:AssetAcquisitionNotePayableNetOfCurrentPortion	1
exxi:LiabilitiesIncludingLiabilitiesSubjectToCompromise	1
wern:SelfInsuranceReserveTotalNoncurrent	1
fil:RoyaltyPayable	1
edvp:RoyaltiesPayable	1
tpni:PromissoryNote	1
us-gaap:SettlementLiabilitiesCurrent	1
tpni:RelatedPartyLoanNoncurrent	1
sre:TotalDeferredCreditsAndOtherLiabilities	1
us-gaap:DisposalGroupIncludingDiscontinuedOperationOtherNoncurrentLiabilities	1
us-gaap:LongTermDebtFairValue	1
sif:LiabilitiesOfAssetsHeldForSaleNoncurrent	1
us-gaap:BusinessAcquisitionContingentConsiderationAtFairValueNoncurrent	1
ctam:Buildtosuitliability	1
tgna:TemporaryEquityCarryingAmountAttributabletoDiscontinuedOperations	1
gww:DeferredIncomeTaxesTaxUncertaintiesAndDerivativeInstruments	1
us-gaap:DeferredTaxAssetsNetCurrent	1
fil:NonControllingInterestInConsolidatedSubsidiary	1
fil:DeferredRent	1
fil:NotesPayableNetOfUnamortizedDebtDiscount	1
b:TaxCutsandJobsActof2017IncompleteAccountingTransitionTaxforAccumulatedForeignEarningsProvisionalLiabilityNoncurrent	1
us-gaap:RegulatoryLiabilityCurrent	1
sre:GreenhouseGasObligationsCurrent	1
sre:GreenhouseGasObligationsNoncurrent	1
fil:ConvertibleNotesPayableNetOfCurrentPortionAndUnamortizedDebtDiscount	1
gww:AccruedEmploymentRelatedBenefits	1
jsyn:CommonStockSubjestToPossibleRedemtion	1
us-gaap:FairValueMeasurementWithUnobservableInputsReconciliationsRecurringBasisLiabilityValue	1
fil:AdvancesFromCustomers1	1
rsg:DeferredIncomeTaxesandOtherIncomeTaxLiabilities	1
orgs:RedeemableNonControllingInterest	1
fil:ConvertibleNotePayableRelatedParty	1
fil:SubscriptionPayable	1
us-gaap:DeferredTaxLiabilitiesTaxDeferredIncome	1
fil:EmployeeStockOwnershipPlanSharesUnearned	1
insw:StockholdersEquitySubtotal	1
us-gaap:DeferredTaxAssetsNet	1
cisn:MandatorilyRedeemableStockholdersEquity	1
cik0001671686:TrustCapitalAccount	1
eeq:VotingShareValue	1
myo:RedeemableAndConvertiblePreferredStockAndStockholdersEquityDeficiency	1
ment:TemporaryEquityConvertibleDebtEquity	1
kegx:EmployeeRelatedLiabilitiesNoncurrent	1
accl:LeaseRelatedLiabilitiesNetOfCurrentPortion	1
gwr:DeferredItemsGrantsFromOutsideParties	1
us-gaap:DecommissioningLiabilityNoncurrent	1
fil:CommonStockToBeIssued1000000SharesAtDecember312012	1
pky:ParentNetInvestment	1
hpq:NoncontrollingInterestDisposalGroupIncludingDiscontinuedOperation	1
veac:CommonStockRedemption	1
fil:DemandNotePayable	1
fil:AdvancesRelatedParty	1
fil:SeriesAPreferredSharesValueOutstanding	1
fil:PromissoryNotesPayableInDefault	1
fil:PredecessorCommonStock	1
us-gaap:FinancialServicesLiabilities	1
lkq:LongTermDebtandCapitalLeaseObligationsExcludingCurrentPortionNet	1
fil:UnrealizedGainOnAvailableForSaleEquitySecuritiesNetOfTax1	1
usak:LongTermDebtAndCapitalLeaseObligationNoncurrent	1
pnw:EquityAndLongTermDebtLessCurrentMaturitiesAndLeaseback	1
bkng:ConvertibleDebtEquity	1
fil:AccruedLicenseAgreementPayments1	1
fil:ConvertiblePromissoryNotesPayableNetOfDebtDiscountOf201628And76789	1
fil:SeriesBPreferredSharesValueOutstanding	1
fil:AcquisitionHoldbackNoncurrent	1
fil:ConvertiblePromissoryNotesPayableInDefault	1
fil:ConvertibleNotesPayableNetOfDebtDiscountOf187100And286965	1
fil:AcquisitionHoldbackCurrent	1
fil:InterestPayableStockholders	1
fil:ConvertibleNotesPayableRelatedPartyNetOfDebtDiscountOf6446	1
fil:CommonStockIssuable90000Shares	1
fil:AccountsPayableAndAccruedExpensesRelatedParty	1
pgem:TaxReceivableAgreementPayableNoncurrent	1
ccit:TemporaryEquityCarryingAmountAttributabletoParentAndMinorityInterests	1
us-gaap:TemporaryEquitySharesSubscribedButUnissuedSubscriptionsReceivable	1
mye:LiabilitiesofAssetsHeldforsaleNoncurrent	1
fil:DonatedCapital	1
wellsvaf:MembersCapital	1
fil:AccruedLiabilitiesSalaries	1
us-gaap:AccruedSalesCommissionCurrent	1
fil:AccruedCompensation	1
fil:AccruedLegalFees	1
teg:TotalCommonShareholdersEquity	1
fil:AccruedPayableToCsmc	1
egct:DeficitAccumulatedDuringTheDevelopmentStage	1
rdn:DebtInstrumentConvertibleGrossAmountofEquityComponent	1
lng:DeferredRevenueRelatedPartyNoncurrent	1
cqp:DeferredRevenueRelatedPartyNoncurrent	1
cqp:PredecessorEquity	1
cqp:CommonUnitholdersEquity	1
cqp:ClassBUnitholdersEquity	1
sci:DisposalGroupHeldforSaleLiabilitiesNoncurrent	1
cqp:SubordinatedUnitholdersEquity	1
wfcf:RedeemableNoncontrollingInterest	1
us-gaap:GuarantyLiabilities	1
ahro:ServicesPayableInCommonStock	1
iau:ShareholdersEquityDeficit	1
slv:ShareholdersEquityDeficit	1
us-gaap:LiabilityForUnpaidClaimsAndClaimsAdjustmentExpenseIncurredButNotReportedIBNRClaimsAmount	1
hta:FiniteLivedIntangibleLiabilitiesNet	1
fil:ConvertibleNotesPayableStockholder	1
csg:NonControllingInterestVariableInterestEntity	1
aph:PensionAndOtherPostretirementDefinedBenefitPlansAndOtherLiabilitiesNoncurrent	1
fil:AdvanceFromOfficer	1
fil:EurBondLongTermDebtCurrent	1
smpr:ConvertiblePromissoryNotePayableNonCurrent	1
fil:EurBondLongTermDebtNoncurrent	1
fil:ChfBondLongTermDebtNoncurrent	1
exxi:LiabilitiesCurrentAndNoncurrent	1
fil:RetainedEarningsPriorToDevelopmentStage	1
aars:GoingConcern	1
qpacu:CommonStockPossibleRedemption	1
us-gaap:DeferredRentCreditCurrent	1
tarm:IronOrePropertyFinancialInstrument	1
csg:ClassBConversionLiability	1
fil:DepositForFutureIssuanceOfCommonStock	1
trgd:IronOrePropertiesFinancialInstrument	1
jazz:ContingentConsiderationNoncurrent	1
us-gaap:DepositLiabilityCurrent	1
fil:AccruedInterestPayable	1
fil:PrepaidConsulting	1
amin:LongTermDebtToRelatedPartiesLessCurrentPortion	1
kwka:PartnershipLiability	1
ete:ConvertiblePreferredUnits	1
dprx:MembersAndStockholdersEquity	1
plcsf:WarrantLiabilitiesNoncurrent	1
itc:RegulatoryLiabilityRevenueDeferralNoncurrent	1
us-gaap:LossContingencyAccrualAtCarryingValue	1
ctg:Other	1
thrm:SeriesCConvertiblePreferredStock	1
atls:LongTermDerivativePayableToPartnerships	1
arp:LongTermDerivativePayableToPartnerships	1
endp:BusinessAcquisitionContingentConsiderationAtCarryingValueNoncurrent	1
us-gaap:DueToRelatedParties	1
us-gaap:RedeemablePreferredStock	1
us-gaap:PreferredUnitsValue	1
us-gaap:RoyaltyGuaranteesCommitmentsAmount	1
fil:ConvertibleLoansPayable	1
fil:LoansPayableRelatedPartyLongTerm	1
us-gaap:CommonStockHeldBySubsidiary	1
fil:AdvancesDueFromRelatedParty	1
masp:NatureOfOperationsAndContinuanceOfBusiness	1
us-gaap:PostconfirmationRetainedEarningsDeficit	1
us-gaap:FreshStartAdjustmentIncreaseDecreaseRetainedEarningsDeficit	1
gnin:AmountsPayableInCommonStock	1
phrx:PreferredStockSeriesCValue	1
alye:SeriesPreferredStockValueSeries	1
vkin:GoingConcern	1
vkin:RelatedPartyTransactions	1
vkin:SubsequentEvents	1
us-gaap:LossContingencyEstimateOfPossibleLoss	1
eses:LeasePayableNoncurrent	1
dble:SeriesOtherPreferredStockValueIssued	1
us-gaap:DebtInstrumentCarryingAmount	1
us-gaap:LimitedLiabilityCompanyLLCPreferredUnitIssuanceValue	1
ck0001433833:LongTermHedgeLiabilityDueToAffiliate	1
aep:RateMatters	1
lry:NoncontrollingInterestInOperatingPartnershipsNotExchangable	1
escr:SeriesOtherPreferredStockValueIssued	1
sbsa:CumulativeExchangeableRedeemablePreferredStock	1
ck0001432985:LongTermHedgeLiabilityDueToAffiliate	1
ck0001399541:LongTermHedgeLiabilityDueToAffiliate	1
ck0001432987:LongTermHedgeLiabilityDueToAffiliate	1
ck0001399542:LongTermHedgeLiabilityDueToAffiliate	1
ck0001374985:LongTermHedgeLiabilityDueToAffiliate	1
ck0001283810:LongTermHedgeLiabilityDueToAffiliate	1
ck0001357361:LongTermHedgeLiabilityDueToAffiliate	1
ck0001121745:LongTermHedgeLiabilityDueToAffiliate	1
ck0001335236:LongTermHedgeLiabilityDueToAffiliate	1
ck0001336339:LongTermHedgeLiabilityDueToAffiliate	1
ck0001294208:LongTermHedgeLiabilityDueToAffiliate	1
ck0001342514:LongTermHedgeLiabilityDueToAffiliate	1
ck0001238289:LongTermHedgeLiabilityDueToAffiliate	1
ck0001294476:LongTermHedgeLiabilityDueToAffiliate	1
ck0001157516:LongTermHedgeLiabilityDueToAffiliate	1
ck0001379763:LongTermHedgeLiabilityDueToAffiliate	1
ck0001175028:LongTermHedgeLiabilityDueToAffiliate	1
ck0001487561:LongTermHedgeLiabilityDueToAffiliate	1
fil:ConvertibleNotesPayableCurrentPortionRelatedParty	1
srlp:MembersAndUnitHoldersEquity	1
alxa:BusinessAcquisitionContingentConsiderationFairValueNonCurrent	1
sgnl:LeaseTerminationAbandonmentPayableNonCurrent	1
fil:DepositOnPrivatePlacement	1
fil:AdvancesFromRelatedParties	1
fil:AdvanceFromShareholderToBeSettledInStock	1
fil:AccruedExpenseToBeSettledInStock	1
four:TotalLiabilitiesNotSubjectToCompromise	1
us-gaap:AccruedLiabilitiesFairValueDisclosure	1
fil:RelatedPartiesShortTermLoan	1
nuva:LitigationLiabilityNonCurrent	1
fil:AccruedInterestPayableRelatedParty	1
fil:SeriesBPreferredStockValueOutstanding	1
sspc:CommonStockValueLiability	1
sspc:PreferredStockValueLiability	1
blsp:LongTermBankLoan	1
drio:LiabilityRelatedToWarrants	1
sala:CarpetCareReserve	1
ckp:DeferredRevenueFinancingArrangementNoncurrrent	1
sala:ParticipantsFundBalances	1
cicc:StockholdersEquityAttributableToParentExcludingPreferredStock	1
htwo:CommonStockValueSubjectToPossibleConversion	1
cf:LiabilitiesOfAssetsHeldForSaleNoncurrent	1
eqc:ConvertiblePreferredStockValue	1
crl:StockholdersEquityIncludingPortionAttributabletoNoncontrollingInterestandRedeemableNoncontrollingInterest	1
ssrg:StockholdersEquityAttributabletoParentIncludingParentCompanyInvestments	1
us-gaap:DebtDefaultShorttermDebtAmount	1
fil:ConvertiblePromissoryNotesPayableNetOfDebtDiscountNoncurrent	1
fil:ConvertiblePromissoryNotesPayableNetOfDebtDiscountCurrent	1
us-gaap:DerivativeLiabilityFairValueNet1	1
aphy:SeriesDConvertiblePreferredStockValue	1
etm:PerpetualCumulativeConvertiblePreferredStock	1
fil:PreferredStockValueSeries2	1
rgco:Longtermdebtnetunamortizeddebtissuancecosts	1
args:ResearchAndDevelopmentObligationNoncurrent	1
roic:ROICNonControllingInterestsRedeemableOPUnits	1
us-gaap:AccountsPayableInterestBearingCurrent	1
us-gaap:OtherLoansPayable	1
ecob:LiabilitiesRelatedToDiscontinuedOperations	1
exxi:AccumulatedLossesInExcessOfEquityInvestments	1
aph:AccruedPensionPostEmploymentBenefitObligationsAndOtherLongTermLiabilities	1
ede:LiabilitiesExcludingLongTermDebtNoncurrent	1
crl:StockholdersEquityIncludingNoncontrollingInterestAndRedeemableNoncontrollingInterest	1
fil:ConvertibleDebtCurrentRelatedParty	1
fil:EmbeddedConversionOptionLiability	1
us-gaap:DeferredCreditsAndOtherLiabilitiesCurrent	1
vasc:DeferredRevenueAndContingentConsiderationNoncurrent	1
pmc:DeferredTaxLiabilitiesNetNoncurrent	1
fil:RelatedPartyLoansConvertible	1
fil:DueToWorkingAndRoyaltyInterests	1
fil:ConvertibleDebtRelatedPartiesNoncurrent	1
fil:ConversionOptionDerivative	1
psid:TaxContingencyNoncurrent	1
attd:Convertiblelongtermnotespayablenet	1
us-gaap:DerivativeLiabilityNotionalAmount	1
us-gaap:ForeignCurrencyDerivativeLiabilitiesAtFairValue	1
fil:AccruedRoyaltiesPayable	1
mara:StockholdersEquityIncludingPortionAttributableToNoncontrollingInterest1	1
dndn:FacilityLeaseObligationsLessCurrentPortion	1
fil:PayableToCsmc	1
us-gaap:BridgeLoan	1
us-gaap:AccruedProfessionalFeesCurrent	1
del:DeferredRevenuesAndOtherAccruedLiabilitiesNoncurrent	1
enoc:DeferredAcquisitionConsiderationNoncurrent	1
zgnx:BusinessCombinationContingentConsiderationLiabilityNoncurrent	1
viab:ProgramRightsObligationsNoncurrent1	1
idra:ConvertibleRedeemablePreferredStock	1
lbas:PrepaidServicesPaidInCommonStock	1
zlcs:LeaseIncentivePayableNoncurrent	1
smacu:CommonStockSubjectToPossibleConversion	1
mbit:RedeemableCommonStockValue	1
us-gaap:LiabilityForClaimsAndClaimsAdjustmentExpense	1
vtnc:SubsequentEvents	1
utiw:ConvertiblePreferredStockNonredeemableOrRedeemableValue	1
fmi:RestrictedStockLiability	1
onty:WarrantLiabilityNoncurrent	1
act:MembersEquityIncludingPortionAttributableToNoncontrollingInterest	1
pah:Redeemable401kPlanInterest	1
fil:SeriesCPreferredStockValueIssued	1
htwr:ConvertibleSeniorNotesNet	1
out:InvestedEquity	1
modn:ConvertiblePreferredStockValue	1
fil:UnearnedIncome	1
us-gaap:DueToOtherRelatedPartiesCurrentAndNoncurrent	1
strl:ObligationForNoncontrollingOwnersInterestInSubsidiariesAndJointVentures	1
gsb:BusinessAcquisitionEarnOutLiabilitiesNoncurrent	1
gway:ObligationForPurchasedTechnology	1
cwst:FinancingLeaseObligationNoncurrent	1
adat:RedeemablePreferredStockValue	1
via:ParticipantsShareAndResidualsNoncurrent1	1
via:ProgramRightsObligationsNoncurrent1	1
via:LiabilitiesOfAssetsHeldForSaleNoncurrent	1
oc:MandatorilyRedeemableNoncontrollingInterest	1
us-gaap:GrantsReceivable	1
ed:CommonStockEquity	1
fwlt:TotalTemporaryEquity	1
ssni:PreferredStockWarrantLiabilities	1
qdel:BusinessCombinationContingentConsiderationLiabilityNoncurrent	1
us-gaap:DebtInstrumentUnamortizedDiscount	1
gs:CommitmentsContingenciesAndGuarantees	1
us-gaap:SecuritiesForReverseRepurchaseAgreements	1
us-gaap:AccountsPayableAndAccruedLiabilitiesFairValueDisclosure	1
icd:StockholdersEquityAndMembersEquity	1
us-gaap:MediumtermNotesNoncurrent	1
cch:OtherNonCurrentLiabilitiesRelatedParty	1
